名侦探柯南 零的日常,https://img2.doubanio.com/view/photo/s_ratio_poster/public/p2868668502.webp,2022/4/4,19:30,1
攻壳机动队：SAC_2045 第二季,https://img1.doubanio.com/view/photo/s_ratio_poster/public/p2870478869.webp,2022/5/23,,1
治疗女孩,https://img2.doubanio.com/view/photo/s_ratio_poster/public/p2867276512.webp,2022/4/4,22:30,1
昆虫乐园,https://img3.doubanio.com/view/photo/s_ratio_poster/public/p2868475780.webp,2022/4/4,,1
小书痴的下克上：为了成为图书管理员不择手段！ 第三季,https://img2.doubanio.com/view/photo/s_ratio_poster/public/p2675430281.webp,2022/4/12,2:00,2
境界战机 第二季 ,https://img2.doubanio.com/view/photo/s_ratio_poster/public/p2869931202.webp,2022/4/12,,2
朋友游戏 ,https://img2.doubanio.com/view/photo/s_ratio_poster/public/p2869395672.webp,2022/4/5,,2
派对浪客诸葛孔明,https://img3.doubanio.com/view/photo/s_ratio_poster/public/p2850068420.webp,2022/4/5,22:00,2
勇者辞职不干了,https://img3.doubanio.com/view/photo/s_ratio_poster/public/p2702877150.webp,2022/4/5,22:30,2
小鸟之翼,https://img2.doubanio.com/view/photo/s_ratio_poster/public/p2709237061.webp,2022/4/5,,2
盾之勇者成名录 第二季,https://img9.doubanio.com/view/photo/s_ratio_poster/public/p2870421195.webp,2022/4/6,21:00,3
怪侠索罗利 第三季,https://img2.doubanio.com/view/photo/s_ratio_poster/public/p2709222043.webp,2022/4/6,,3
键的嘉年华 第二季,https://img2.doubanio.com/view/photo/s_ratio_poster/public/p2871059562.webp,2022/4/13,0:05,3
相合之物 ,https://img2.doubanio.com/view/photo/s_ratio_poster/public/p2868467182.webp,2022/4/6,23:30,3
RPG不动产,https://img1.doubanio.com/view/photo/s_ratio_poster/public/p2871066978.webp,2022/4/6,21:30,3
史上最强大魔王转生为村民A,https://img9.doubanio.com/view/photo/s_ratio_poster/public/p2634990895.webp,2022/4/6,20:05,3
古见同学有交流障碍症,https://img9.doubanio.com/view/photo/s_ratio_poster/public/p2869095785.webp,2022/4/7,,4
夏日重现,https://img2.doubanio.com/view/photo/s_ratio_poster/public/p2867588013.webp,2022/4/14,,4
社畜小姐想被幽灵幼女治愈。,https://img9.doubanio.com/view/photo/s_ratio_poster/public/p2867702086.webp,2022/4/7,21:30,4
骸骨骑士大人异世界冒险中,https://img9.doubanio.com/view/photo/s_ratio_poster/public/p2864694354.webp,2022/4/7,23:00,4
身为女主角！,https://img1.doubanio.com/view/photo/s_ratio_poster/public/p2807707577.webp,2022/4/7,21:30,4
约会大作战4,https://img9.doubanio.com/view/photo/s_ratio_poster/public/p2869344116.webp,2022/4/8,21:30,5
辉夜大小姐想让我告白：天才们的恋爱头脑战,https://img2.doubanio.com/view/photo/s_ratio_poster/public/p2702426153.webp,2022/4/8,0:30,5
理科生坠入情网故尝试证明 第二季,https://img9.doubanio.com/view/photo/s_ratio_poster/public/p2706512954.webp,2022/4/1,0:30,5
街角魔族 二丁目 ,https://img1.doubanio.com/view/photo/s_ratio_poster/public/p2619023919.webp,2022/4/8,12:00,5
八十龟酱观察日记 第四季,https://img9.doubanio.com/view/photo/s_ratio_poster/public/p2753243165.webp,2022/4/1,,5
杜鹃的婚约 ,https://img9.doubanio.com/view/photo/s_ratio_poster/public/p2638879244.webp,2022/4/1,,5
恋爱要在世界征服后,https://img3.doubanio.com/view/photo/s_ratio_poster/public/p2871206350.webp,2022/4/8,22:00,5
舞动不止,https://img1.doubanio.com/view/photo/s_ratio_poster/public/p2681057767.webp,2022/4/8,,5
女子高中生与魔法笔记,https://img1.doubanio.com/view/photo/s_ratio_poster/public/p2686078588.webp,2022/4/1,,5
魔法使黎明期 ,https://img1.doubanio.com/view/photo/s_ratio_poster/public/p2868498667.webp,2022/4/8,1:58,5
おにぱん！,https://img9.doubanio.com/view/photo/s_ratio_poster/public/p2867700726.webp,2022/4/1,,5
雀魂 PONG☆,https://img2.doubanio.com/view/photo/s_ratio_poster/public/p2840882851.webp,2022/4/1,,5
LoveLive! 虹D学园学园偶像同好会 第二季,https://img3.doubanio.com/view/photo/s_ratio_poster/public/p2691062240.webp,2022/4/2,21:30,6
影之诗 FLAME,https://img9.doubanio.com/view/photo/s_ratio_poster/public/p2702699516.webp,2022/4/2,,6
间谍过家家,https://img1.doubanio.com/view/photo/s_ratio_poster/public/p2869306649.webp,2022/4/9,23:00,6
不会拿捏距离的阿波连同学,https://img1.doubanio.com/view/photo/s_ratio_poster/public/p2862236188.webp,2022/4/2,1:25,6
我家女友可不止可爱呢,https://img2.doubanio.com/view/photo/s_ratio_poster/public/p2870203663.webp,2022/4/9,1:30,6
青之芦苇 ,https://img9.doubanio.com/view/photo/s_ratio_poster/public/p2867967224.webp,2022/4/9,,6
羽球青春 ,https://img2.doubanio.com/view/photo/s_ratio_poster/public/p2871107042.webp,2022/4/2,2:00,6
处刑少女的生存之道,https://img9.doubanio.com/view/photo/s_ratio_poster/public/p2825246214.webp,2022/4/2,0:30,6
莎木 ,https://img3.doubanio.com/view/photo/s_ratio_poster/public/p2692344870.webp,2022/2/5,,6
群青的号角 ,https://img9.doubanio.com/view/photo/s_ratio_poster/public/p2869299106.webp,2022/4/2,0:00,6
黑岩射手：黎明降临,https://img9.doubanio.com/view/photo/s_ratio_poster/public/p2867313735.webp,2022/4/3,,7
真・一骑当千,https://img9.doubanio.com/view/photo/s_ratio_poster/public/p2869567434.webp,2022/3/27,,7
游戏王 GO RUSH！！,https://img2.doubanio.com/view/photo/s_ratio_poster/public/p2795074991.webp,2022/4/3,,7
女忍者椿的心事,https://img1.doubanio.com/view/photo/s_ratio_poster/public/p2834300018.webp,2022/4/10,0:30,7
这个医师超麻烦,https://img9.doubanio.com/view/photo/s_ratio_poster/public/p2869182094.webp,2022/4/10,20:00,7
乙女游戏世界对路人角色很不友好,https://img9.doubanio.com/view/photo/s_ratio_poster/public/p2825543815.webp,2022/4/3,21:00,7
决斗大师 KINGMA,https://img9.doubanio.com/view/photo/s_ratio_poster/public/p2870198245.webp,2022/4/3,,7
帽子革命瓶子人 DX,https://img9.doubanio.com/view/photo/s_ratio_poster/public/p2869341235.webp,2022/4/3,,7
